Workbook

Sheet RawData
A1: Product | B1: Sales | C1: Region | D1: Month | E1: Salesperson | F1: Rating
A2: Mobile | B2: 85000 | C2: North | D2: Jan | E2: Rahul | F2: =IF(B2>=100000,"Excellent",IF(B2>=60000,"Good",IF(B2>=30000,"Average","Low"))) -> Good
A3: Laptop | B3: 120000 | C3: South | D3: Jan | E3: Priya | F3: =IF(B3>=100000,"Excellent",IF(B3>=60000,"Good",IF(B3>=30000,"Average","Low"))) -> Excellent
A4: Tablet | B4: 45000 | C4: West | D4: Jan | E4: Amit | F4: =IF(B4>=100000,"Excellent",IF(B4>=60000,"Good",IF(B4>=30000,"Average","Low"))) -> Average
A5: Headphones | B5: 32000 | C5: North | D5: Feb | E5: Rahul | F5: =IF(B5>=100000,"Excellent",IF(B5>=60000,"Good",IF(B5>=30000,"Average","Low"))) -> Average
A6: Smartwatch | B6: 67000 | C6: East | D6: Feb | E6: Neha | F6: =IF(B6>=100000,"Excellent",IF(B6>=60000,"Good",IF(B6>=30000,"Average","Low"))) -> Good
A7: Mobile | B7: 91000 | C7: South | D7: Feb | E7: Priya | F7: =IF(B7>=100000,"Excellent",IF(B7>=60000,"Good",IF(B7>=30000,"Average","Low"))) -> Good
A8: Laptop | B8: 110000 | C8: North | D8: Feb | E8: Amit | F8: =IF(B8>=100000,"Excellent",IF(B8>=60000,"Good",IF(B8>=30000,"Average","Low"))) -> Excellent
A9: Tablet | B9: 38000 | C9: East | D9: Jan | E9: Neha | F9: =IF(B9>=100000,"Excellent",IF(B9>=60000,"Good",IF(B9>=30000,"Average","Low"))) -> Average
A10: Headphones | B10: 55000 | C10: South | D10: Jan | E10: Rahul | F10: =IF(B10>=100000,"Excellent",IF(B10>=60000,"Good",IF(B10>=30000,"Average","Low"))) -> Average
A11: Smartwatch | B11: 73000 | C11: West | D11: Feb | E11: Priya | F11: =IF(B11>=100000,"Excellent",IF(B11>=60000,"Good",IF(B11>=30000,"Average","Low"))) -> Good

Sheet Analysis
B1: REGION-WISE ANALYSIS | C1: Column1 | D1: Column2
B2: Region | C2: Total Sales | D2: Order Count
B3: North | C3: =SUMIF(RawData!C:C,"North",RawData!B:B) -> 227000 | D3: =COUNTIF(RawData!C:C,"North") -> 3
B4: South | C4: =SUMIF(RawData!C:C,"South",RawData!B:B) -> 266000 | D4: =COUNTIF(RawData!C:C,"South") -> 3
B5: East | C5: =SUMIF(RawData!C:C,"East",RawData!B:B) -> 105000 | D5: =COUNTIF(RawData!C:C,"East") -> 2
B6: West | C6: =SUMIF(RawData!C:C,"West",RawData!B:B) -> 118000 | D6: =COUNTIF(RawData!C:C,"West") -> 2
B7: TOTAL | C7: =SUM(B3:B6) -> 0 | D7: =SUM(C3:C6) -> 716000
B8: — | C8: — | D8: —
B9: SALESPERSON ANALYSIS
B10: Name | C10: Total Sales | D10: Orders
B11: Rahul | C11: =SUMIF(RawData!E:E,"Rahul",RawData!B:B) -> 172000 | D11: =COUNTIF(RawData!E:E,"Rahul") -> 3
B12: Priya | C12: =SUMIF(RawData!E:E,"Priya",RawData!B:B) -> 284000 | D12: =COUNTIF(RawData!E:E,"Priya") -> 3
B13: Amit | C13: =SUMIF(RawData!E:E,"Amit",RawData!B:B) -> 155000 | D13: =COUNTIF(RawData!E:E,"Amit") -> 2
B14: Neha | C14: =SUMIF(RawData!E:E,"Neha",RawData!B:B) -> 105000 | D14: =COUNTIF(RawData!E:E,"Neha") -> 2
B16: MONTH-WISE BREAKDOWN (SUMIFS) | C16: Column1 | D16: Column2 | E16: Column3 | F16: Column4
B17: 17 | C17: Month | D17: Region | E17: Total Sales | F17: —
B18: 18 | C18: Jan | D18: North | E18: =SUMIFS(RawData!B:B,RawData!D:D,"Jan",RawData!C:C,"North") -> 85000 | F18: —
B19: 19 | C19: Jan | D19: South | E19: =SUMIFS(RawData!B:B,RawData!D:D,"Jan",RawData!C:C,"South") -> 175000 | F19: —
B20: 20 | C20: Feb | D20: North | E20: =SUMIFS(RawData!B:B,RawData!D:D,"Feb",RawData!C:C,"North") -> 142000 | F20: —
B21: 21 | C21: Feb | D21: South | E21: =SUMIFS(RawData!B:B,RawData!D:D,"Feb",RawData!C:C,"South") -> 91000 | F21: —
B22: PRODUCT RATING (NESTED IF — RawData F column mein)

Sheet  Dashboard 
A1: 1 | B1: SALES DASHBOARD — Week 2 Project (Ankit Sahu)
A2: 3 | B2: Total Sales | C2: Best Region | D2: Top Seller | E2: Total Orders
A3: 4 | B3: =SUM(RawData!B:B) -> 716000 | C3: =INDEX(Analysis!A3:A6,MATCH(MAX(Analysis!B3:B6),Analysis!B3:B6,0)) -> #N/A | D3: =INDEX(Analysis!A11:A14,MATCH(MAX(Analysis!B11:B14),Analysis!B11:B14,0)) -> #N/A | E3: =COUNTA(RawData!A2:A11) -> 10
A4: 5 | B4: ₹7,16,000 | C4: North | D4: Priya | E4: 10
